<?xml version='1.0' encoding='UTF-8'?>
<!DOCTYPE hibernate-configuration PUBLIC
          "-//Hibernate/Hibernate Configuration DTD 3.0//EN"
          "http://www.hibernate.org/dtd/hibernate-configuration-3.0.dtd">

<!-- Generated by MyEclipse Hibernate Tools. -->
<hibernate-configuration>
	<session-factory>
		<!-- PROXOOL Database connection settings -->
		<!-- Hibernate 3.x -->
		<!-- <property name="hibernate.connection.provider_class">org.hibernate.connection.ProxoolConnectionProvider</property> -->
		<!-- Hibernate 4.x -->
		<!--
		<property name="hibernate.connection.provider_class">org.hibernate.service.jdbc.connections.internal.ProxoolConnectionProvider</property>
		<property name="hibernate.proxool.pool_alias">jessma-2</property>
		<property name="hibernate.proxool.xml">proxool-2.xml</property>
		-->
		
		<!-- Druid Database connection settings -->
		<!-- 
		<property name="hibernate.connection.provider_class">com.alibaba.druid.support.hibernate.DruidConnectionProvider</property>
		<property name="driverClassName">com.mysql.jdbc.Driver</property>
		<property name="url">
			jdbc:mysql://localhost:3306/myjessma?autoReconnect=true&amp;failOverReadOnly=false&amp;useUnicode=true&amp;characterEncoding=UTF-8
		</property>
		<property name="username">bruce</property>
		<property name="password">ppmm</property>
		<property name="maxActive">30</property>
		<property name="minIdle">3</property>
		<property name="initialSize">3</property>
		<property name="maxWait">20</property>
		<property name="testOnBorrow">true</property>
		<property name="validationQuery">SELECT 1</property>
		<property name="validationQueryTimeout">300000</property>
		<property name="init">true</property>
		-->
		
		<!-- JDBC Database connection settings -->
		<property name="connection.driver_class">com.mysql.jdbc.Driver</property>
		<property name="connection.url">
			jdbc:mysql://localhost:3306/myjessma?autoReconnect=true&amp;failOverReadOnly=false&amp;useUnicode=true&amp;characterEncoding=UTF-8
		</property>
		<property name="connection.username">bruce</property>
		<property name="connection.password">ppmm</property>
		
		<!-- Transaction Properties -->
		<!-- 
		<property name="hibernate.transaction.factory_class">org.hibernate.transaction.JDBCTransactionFactory</property> 
		<property name="hibernate.connection.isolation">2</property>
		-->

		<!-- SQL dialect -->
		<property name="dialect">
			org.hibernate.dialect.MySQLDialect
		</property>
		<!-- Echo all executed SQL to stdout -->
		<property name="show_sql">true</property>
		<property name="format_sql">true</property>
		<!-- Drop and re-create the database schema on startup
			<property name="hbm2ddl.auto">create</property>
		-->

		<!-- OR Mappings -->
		<mapping resource="vo/User.hbm.xml" />
	</session-factory>
</hibernate-configuration>
