<?xml version="1.0" encoding="UTF-8"?>
<APP	xmlns="http://www.bruce.com"
		xmlns:xsi="http://www.w3.org/2001/XMLSchema-instance"
		xsi:schemaLocation="http://www.bruce.com xsd/app-config.xsd">
		
	<!-- 系统配置（必填） -->
	<system>
		<database-session-managers>
			<manager name="session-mgr-1" class="com.bruce.dao.jdbc.ProxoolSessionMgr" />
			<manager name="session-mgr-2" class="com.bruce.dao.mybatis.MyBatisSessionMgr" />
			<manager name="session-mgr-3" class="com.bruce.dao.hbn.HibernateSessionMgr" />
		</database-session-managers>
		<app-life-cycle-listener class="global.MyLifeCycleListener" />
		<user-config-parser class="global.MyConfigParser" />
	</system>
	
	<!-- 用户配置（可选） -->
	<user>
		<my-home>http://www.cnblogs.com/ldcsaa/</my-home>
	</user>
</APP>