<?xml version='1.0' encoding='UTF-8'?>
<!DOCTYPE hibernate-configuration PUBLIC
          "-//Hibernate/Hibernate Configuration DTD 3.0//EN"
          "http://hibernate.sourceforge.net/hibernate-configuration-3.0.dtd">

<!-- Generated by MyEclipse Hibernate Tools. -->
<hibernate-configuration>
	<session-factory>
		<!-- PROXOOL Database connection settings -->
			<property name="hibernate.connection.provider_class">org.hibernate.connection.ProxoolConnectionProvider</property>
			<property name="hibernate.proxool.pool_alias">portal-2</property>
			<property name="hibernate.proxool.xml">proxool-2.xml</property>
		
		<!-- JDBC Database connection settings 
			<property name="connection.driver_class">
			com.mysql.jdbc.Driver
			</property>
			<property name="connection.url">
			jdbc:mysql://localhost:3306/price?useUnicode=true&amp;characterEncoding=UTF-8
			</property>
			<property name="connection.username">root</property>
			<property name="connection.password">123456</property>
		-->

		<!-- SQL dialect -->
		<property name="dialect">
			org.hibernate.dialect.MySQLDialect
		</property>
		<!-- Echo all executed SQL to stdout -->
		<property name="show_sql">true</property>
		<property name="format_sql">true</property>
		<!-- Drop and re-create the database schema on startup
			<property name="hbm2ddl.auto">create</property>
		-->

		<!-- OR Mappings -->
		<mapping resource="vo/User.hbm.xml" />
	</session-factory>
</hibernate-configuration>
