<?xml version="1.0" encoding="utf-8"?>
<!DOCTYPE hibernate-mapping PUBLIC "-//Hibernate/Hibernate Mapping DTD 3.0//EN"
	"http://www.hibernate.org/dtd/hibernate-mapping-3.0.dtd">
<hibernate-mapping>
	<class name="vo.User" table="user_hbn" catalog="myportal">
		<id name="id" type="java.lang.Integer">
			<column name="id" />
			<generator class="identity" />
		</id>
		<property name="name" type="java.lang.String">
			<column name="name" length="50" />
		</property>
		<property name="age" type="java.lang.Integer">
			<column name="age" />
		</property>
		<property name="gender" type="java.lang.Integer">
			<column name="gender" />
		</property>
		<property name="experience" type="java.lang.Integer">
			<column name="experience" />
		</property>
		<list name="interests" table="user_interest_hbn" cascade="all-delete-orphan" inverse="false" lazy="true">
			<key column="user_id" not-null="true"></key>
			<list-index column="list_order" base="1"></list-index>
			<element column="interest_id" type="java.lang.Integer"></element>
		</list>
	</class>
</hibernate-mapping>
