<?xml version="1.0" encoding="UTF-8"?>
<MVC-MAIN	xmlns="http://www.jessma.org"
			xmlns:xsi="http://www.w3.org/2001/XMLSchema-instance"
			xsi:schemaLocation="http://www.jessma.org http://www.jessma.org/schema/mvc-config-main-3.2.xsd">
	<global>
		<!-- request 和 response 的默认编码（可选，默认：不设置） -->
		<encoding>UTF-8</encoding>
		<!-- Action 请求的后缀（可选，默认：.action） -->
		<action-suffix></action-suffix>
		<!-- 页面的  ${__base}  变量设置（可选，默认：type = 'auto', href = ''） -->
		<base-path type="auto"/>

		<!-- Action Convention 配置
			enable					：是否启用 Action Convention 功能（默认：true）
			detect-physical-file	：是否检查 Action Result 物理视图文件的确存在（默认：true）
			action-base-package		：Action 类的基包（默认：""）
			dispatch-file-path		：转发视图的基路径（默认："/WEB-INF/page"）
			dispatch-file-type		：转发视图的类型（默认："jsp"）
			physical-file-path		：物理视图文件的基路径（默认：""，与 'dispatch-file-path' 一致）
			file-name-separator		：视图名称分隔符（默认："_"）
		-->
		<action-convention
			enable="true"
			detect-physical-file="true"
			action-base-package="com.bruce.action"
			dispatch-file-path="${jsp-path}"
			dispatch-file-type="jsp"
			physical-file-path=""
			file-name-separator="_"
		/>
		
		<action-filters>
			<!--  
			<filter pattern=".*" class="org.jessma.ext.dao.DaoInjectFilter"/>
			<filter pattern=".*" class="org.jessma.ext.spring.SpringInjectFilter"/>
			-->
		</action-filters>
		
		<!-- 设置 Action Result 路径的全局别名 -->
		<result-path-aliases>
			<alias name="jsp-path" path="/jsp"/>
			<alias name="index" path="${jsp-path}/index.jsp"/>
		</result-path-aliases>
		
		<global-results>
			<!-- MVC 框架会自动加入 'none' global result -->
		</global-results>
	</global>
	
	<!-- 包含  MVC 从配置文件 -->
	<include file="mvc-config-inc.xml"/>
	
</MVC-MAIN>